ClientID;Nom;Prenom;Adresse;Email;NumeroTelephone
1;Thompson;Shannon;384 Howard Parks, New Tony, DE 67522;thompson.shannon@gmail.com;0425163679
2;Pham;Benjamin;15250 Anita Pine Apt. 887, New Kristenport, AR 55726;pham.benjamin@gmail.com;0544573781
3;Rodriguez;Bonnie;515 Henderson Coves Apt. 298, Lewismouth, OR 14067;rodriguez.bonnie@gmail.com;0956054323
4;Perez;Stephanie;619 Juan Parkways Suite 983, Tracibury, NM 13549;perez.stephanie@gmail.com;0037851314
5;Kramer;Joyce;85731 Danny Groves Suite 513, Lake Michaelville, KS 70726;kramer.joyce@gmail.com;0705010731
6;Scott;Jacob;474 Rogers Fork Apt. 821, Chelseabury, MO 72167;scott.jacob@gmail.com;0461756294
7;Rodriguez;Megan;12744 Daniel Tunnel, Millerside, HI 91891;rodriguez.megan@gmail.com;0055426480
8;Collins;Alexander;231 Eric Spring, Paulahaven, SD 79669;collins.alexander@gmail.com;0878299289
9;Anderson;Scott;930 Stokes Extensions, Hawkinston, OR 67580;anderson.scott@gmail.com;0034128328
10;Wilkins;Patricia;400 Tate Glen, Port Kristenfurt, OH 07250;wilkins.patricia@gmail.com;0888856897
11;Ballard;Andrea;942 Madeline Summit Apt. 780, Mckeeshire, NH 06352;ballard.andrea@gmail.com;0026919377
12;Smith;Jeremy;USCGC Taylor, FPO AE 79668;smith.jeremy@gmail.com;0458994501
13;Johnson;Andrew;3649 Diane Radial, Mahoneyland, AZ 68085;johnson.andrew@gmail.com;0764576383
14;Sylvia;Nicole;68737 Beasley Fall Apt. 435, Lake Kennethshire, CA 27884;sylvia.nicole@gmail.com;0408607465
15;Smith;Cynthia;382 Daniel Groves Suite 995, East Sherryfurt, AR 11263;smith.cynthia@gmail.com;0219759485
16;Stewart;Christina;USS Norman, FPO AP 43322;stewart.christina@gmail.com;0288350077
17;Carrillo;Brianna;543 Austin Rest Apt. 109, East Amystad, FL 57767;carrillo.brianna@gmail.com;0670055675
18;Soto;Holly;48506 Foster Falls Apt. 055, Lake Cameronton, MS 88747;soto.holly@gmail.com;0403071718
19;Cunningham;Anthony;525 Harmon Knoll Apt. 882, Browntown, OK 97421;cunningham.anthony@gmail.com;0805308143
20;Smith;Justin;603 Daniel Lakes Apt. 472, New Sandra, CT 81632;smith.justin@gmail.com;0843655697
21;Cordova;Brittany;1497 Howard Cliffs, South Elizabethton, NC 29628;cordova.brittany@gmail.com;0271175721
22;Harris;Charles;443 Berry Rapid, Medinaberg, AL 66035;harris.charles@gmail.com;0261705373
23;Barber;Lauren;3886 Beck Pine Apt. 221, Ashleyport, TX 70199;barber.lauren@gmail.com;0350626249
24;Schmitt;Rebecca;75186 Brian Extension Apt. 693, Howardtown, RI 81105;schmitt.rebecca@gmail.com;0265024027
25;Kelly;Nathaniel;966 Ball Courts Apt. 186, Burkeshire, MD 30856;kelly.nathaniel@gmail.com;0765713448
26;Hoffman;Rose;68721 Reyes Key Apt. 853, West Jeremyton, MN 58160;hoffman.rose@gmail.com;0682843093
27;Brown;Danielle;732 Joshua Ways, Jamesfort, OH 72222;brown.danielle@gmail.com;0590619668
28;Snow;Zoe;656 Diaz Motorway Suite 832, Kennethville, MI 60122;snow.zoe@gmail.com;0263463419
29;Jimenez;Susan;8140 Susan Port Suite 208, West Christopher, NH 10160;jimenez.susan@gmail.com;0578759133
30;Velasquez;Lauren;235 Norris Spurs Suite 417, New Douglasborough, FL 92633;velasquez.lauren@gmail.com;0915772286
31;Diaz;Sandy;506 Zachary Freeway, Stevenville, WV 28096;diaz.sandy@gmail.com;0196212210
32;Mccall;Michael;9494 Laurie Green Suite 435, Adamchester, KS 60180;mccall.michael@gmail.com;0298768466
33;Davis;Cheryl;USNV Chavez, FPO AA 64898;davis.cheryl@gmail.com;0253815877
34;Velazquez;Faith;9580 Tony Squares, Lake Kurt, NE 98050;velazquez.faith@gmail.com;0069707560
35;Ruiz;Paige;124 Long Springs, Schultztown, TX 44202;ruiz.paige@gmail.com;0342982557
36;Osborn;Christopher;79902 Sharp Spur Apt. 430, Stephensside, NE 61064;osborn.christopher@gmail.com;0737823183
37;Glenn;Monica;3183 Albert Wall Suite 990, New Timothymouth, ND 07817;glenn.monica@gmail.com;0471358315
38;Shaw;Tara;267 Brandon Branch Apt. 341, East Juan, LA 02981;shaw.tara@gmail.com;0360946746
39;Garner;Rhonda;5345 Angela Plains, North Stephanie, KY 73718;garner.rhonda@gmail.com;0798756560
40;Johnson;Stephanie;386 Jermaine Plain Apt. 929, Williamsville, NM 96879;johnson.stephanie@gmail.com;0557240325
41;Tucker;Mr.;3479 Medina Union, Burnsmouth, DC 99783;tucker.mr.@gmail.com;0302207486
42;Coleman;Dennis;925 Robertson Springs Suite 489, Port Jeffreyberg, IN 43983;coleman.dennis@gmail.com;0516922641
43;Nichols;James;USS Lee, FPO AP 23687;nichols.james@gmail.com;0347221233
44;Velazquez;Amber;752 Smith Walks, North Robertside, DE 75761;velazquez.amber@gmail.com;0765646003
45;Pitts;Ronald;26300 Rodriguez Mission Apt. 754, Port Joel, NJ 73858;pitts.ronald@gmail.com;0589602136
46;Richardson;Cheyenne;70396 George Trafficway, New Laurie, KS 05583;richardson.cheyenne@gmail.com;0639669352
47;Griffith;Becky;PSC 6521, Box 4152, APO AA 74450;griffith.becky@gmail.com;0404708413
48;Johnson;Amy;2654 Daniel Fork Apt. 421, Hamiltonchester, IL 07675;johnson.amy@gmail.com;0994074144
49;Strickland;Tyler;1614 Johnson Springs, Dunlapport, ID 43225;strickland.tyler@gmail.com;0171046505
50;Perry;Jennifer;USCGC Sims, FPO AA 03716;perry.jennifer@gmail.com;0765885372
51;Patterson;Paul;6446 Michelle Squares, North Bobby, NH 53616;patterson.paul@gmail.com;0167566928
52;Dunn;Natalie;624 Melanie Ranch, West Charleschester, NH 74410;dunn.natalie@gmail.com;0838773105
53;Luna;David;055 Catherine Lodge Apt. 323, New Kyleborough, PA 99781;luna.david@gmail.com;0682065501
54;Williams;Angelica;00041 Green Street, Stephenborough, UT 34030;williams.angelica@gmail.com;0233366709
55;Rogers;Ms.;60258 Smith Corner Suite 604, North Kelly, FL 03724;rogers.ms.@gmail.com;0407353811
56;Castillo;Timothy;203 Crane Summit, North Dave, NM 43234;castillo.timothy@gmail.com;0095960080
57;Nelson;Stacy;67557 Davis Crossroad, Cannonmouth, TN 53303;nelson.stacy@gmail.com;0117405460
58;Jones;Mark;52946 Velez Ways, Debrabury, NV 62827;jones.mark@gmail.com;0782533601
59;Lane;Reginald;USCGC Nelson, FPO AP 50976;lane.reginald@gmail.com;0935328610
60;Mendoza;Misty;07690 Jeremy Ramp Suite 309, West Steven, AR 96600;mendoza.misty@gmail.com;0825673208
61;Floyd;Mark;885 Garner Canyon, East Christy, CA 20864;floyd.mark@gmail.com;0053527748
62;Williams;Yesenia;PSC 6015, Box 6383, APO AA 64305;williams.yesenia@gmail.com;0535311132
63;Potts;Wesley;06091 Wilson Squares Apt. 606, Danielletown, ID 85863;potts.wesley@gmail.com;0127470934
64;Murray;Ashley;77894 Christopher Shoals, East Adammouth, KY 84284;murray.ashley@gmail.com;0694327115
65;Davis;Drew;20984 Mark Spurs, North Alisha, WI 02684;davis.drew@gmail.com;0692589751
66;Smith;Calvin;95737 Galloway Drive Suite 733, Elizabethton, NJ 25085;smith.calvin@gmail.com;0064976306
67;Hall;Jessica;USS Taylor, FPO AA 04375;hall.jessica@gmail.com;0180057888
68;Fisher;Douglas;392 Matthew Points Suite 165, Port Patrick, KS 94804;fisher.douglas@gmail.com;0295961780
69;Freeman;Danielle;USNS Moore, FPO AP 34413;freeman.danielle@gmail.com;0001375633
70;Martin;Wayne;PSC 5886, Box 9105, APO AA 83417;martin.wayne@gmail.com;0453697559
71;Sanders;Tracy;PSC 6403, Box 9552, APO AA 59693;sanders.tracy@gmail.com;0071876830
72;Thompson;Katherine;09563 Jeffrey Turnpike, North Jasonstad, IL 02382;thompson.katherine@gmail.com;0819088962
73;Cooper;David;468 Hawkins Terrace, Andrewhaven, MN 50914;cooper.david@gmail.com;0802450224
74;Dunn;Amanda;7249 Hopkins Row Apt. 697, Port Brianview, OK 73262;dunn.amanda@gmail.com;0779430372
75;Wilson;Vincent;4218 Louis Passage, Stanleyton, AZ 74295;wilson.vincent@gmail.com;0857697537
76;Lawrence;Dr.;PSC 1231, Box 1328, APO AP 51968;lawrence.dr.@gmail.com;0386454938
77;Trujillo;Angela;2554 Barbara Ramp Suite 917, Lake Josephton, DE 65822;trujillo.angela@gmail.com;0468557877
78;Mcdaniel;Randall;40675 Keith Neck Apt. 957, Thomastown, MI 92257;mcdaniel.randall@gmail.com;0503119093
79;Abbott;Kristen;737 Mitchell Shore, Smithside, DE 61304;abbott.kristen@gmail.com;0382590092
80;Harris;Calvin;8949 Johnson Stream Suite 549, Michaelberg, GA 98205;harris.calvin@gmail.com;0306722374
81;Kirby;Stephanie;807 John Roads, Rachelland, TX 88362;kirby.stephanie@gmail.com;0722111406
82;Anderson;Aaron;Unit 6947 Box 2102, DPO AP 84355;anderson.aaron@gmail.com;0012443765
83;Phillips;Karen;76151 Jensen Plains Apt. 455, North Courtneyburgh, DE 53995;phillips.karen@gmail.com;0211805693
84;Jordan;Lynn;617 Shelby Ranch Apt. 091, Amyburgh, CO 46872;jordan.lynn@gmail.com;0523192390
85;Rivera;Deborah;390 Danielle Valley, Martinezberg, SD 64539;rivera.deborah@gmail.com;0168181172
86;Wilson;Lonnie;95457 Matthews Court Suite 976, Caldwellside, DC 99456;wilson.lonnie@gmail.com;0537920637
87;Vazquez;Melissa;686 Harmon Keys Suite 808, Matthewland, VA 08983;vazquez.melissa@gmail.com;0654332565
88;Horne;Matthew;Unit 2566 Box 0223, DPO AA 12504;horne.matthew@gmail.com;0656139113
89;Becker;Kevin;038 Connie Bridge Suite 490, North Sara, WV 02511;becker.kevin@gmail.com;0402912035
90;Medina;Kimberly;726 Jacob Village, Livingstonmouth, LA 97819;medina.kimberly@gmail.com;0052252226
91;Crawford;Krystal;Unit 3120 Box 0824, DPO AP 42246;crawford.krystal@gmail.com;0644039862
92;Jones;Natalie;27392 Charles Club Apt. 772, Chavezport, DE 17129;jones.natalie@gmail.com;0364617640
93;Henry;Kenneth;560 Michael Courts Apt. 351, New Melanie, FL 62211;henry.kenneth@gmail.com;0616814492
94;Norris;Ebony;470 John Burg Apt. 011, Alexanderland, UT 99167;norris.ebony@gmail.com;0517706582
95;Kennedy;Julie;266 Russell Groves, Michaelside, OR 46570;kennedy.julie@gmail.com;0421321855
96;Rodriguez;Tammy;USS Berg, FPO AP 26777;rodriguez.tammy@gmail.com;0198156282
97;Hunter;Kimberly;99327 Lewis Glens, West Patrickstad, FL 88083;hunter.kimberly@gmail.com;0503857599
98;Hess;Ryan;Unit 4039 Box 6603, DPO AE 40744;hess.ryan@gmail.com;0508092073
99;Harvey;Michael;6742 Jackson Corner, South Isabel, VT 46191;harvey.michael@gmail.com;0192649531
100;Campbell;Jordan;9418 Salazar Forks Suite 382, Lake Paul, NJ 71313;campbell.jordan@gmail.com;0025669814