EmployeID;Nom;Prenom;Fonction;Email;NumeroTelephone
1;Chang;Victoria;Customer Service Representative;chang.victoria@gmail.com;0860084281
2;Mccoy;James;Product Manager;mccoy.james@gmail.com;0454073892
3;Adams;Mary;Administrative Assistant;adams.mary@gmail.com;0423668243
4;Mccormick;Kirsten;Administrative Assistant;mccormick.kirsten@gmail.com;0004406094
5;Bowman;Monica;Sales Representative;bowman.monica@gmail.com;0242491248
6;Liu;Timothy;Data Analyst;liu.timothy@gmail.com;0158614343
7;Jordan;Douglas;Business Analyst;jordan.douglas@gmail.com;0970392111
8;Lee;Richard;Graphic Designer;lee.richard@gmail.com;0525619776
9;Ramsey;Bryan;Product Manager;ramsey.bryan@gmail.com;0838336544
10;Nicholas;Laura;Sales Representative;nicholas.laura@gmail.com;0871325654
11;Torres;Fernando;Customer Service Representative;torres.fernando@gmail.com;0546808204
12;Powers;Louis;Software Developer;powers.louis@gmail.com;0867460373
13;Hoffman;Rachel;Sales Representative;hoffman.rachel@gmail.com;0619223334
14;Willis;Teresa;Administrative Assistant;willis.teresa@gmail.com;0180155020
15;Moody;Blake;Consultant;moody.blake@gmail.com;0507585105
16;Lara;Hailey;Consultant;lara.hailey@gmail.com;0616622899
17;Weaver;Brandon;Business Analyst;weaver.brandon@gmail.com;0434939918
18;Anderson;Jessica;Software Developer;anderson.jessica@gmail.com;0464282794
19;Juarez;Chad;Sales Representative;juarez.chad@gmail.com;0078309412
20;Bell;Lisa;Customer Service Representative;bell.lisa@gmail.com;0282938815
21;Taylor;Christina;Business Analyst;taylor.christina@gmail.com;0389416282
22;Lee;Gary;Data Analyst;lee.gary@gmail.com;0396779192
23;Ball;Alyssa;Graphic Designer;ball.alyssa@gmail.com;0682102763
24;Brown;Brenda;Business Analyst;brown.brenda@gmail.com;0998256232
25;Sparks;Brian;Administrative Assistant;sparks.brian@gmail.com;0846382105
26;Smith;Debbie;Customer Service Representative;smith.debbie@gmail.com;0287538900
27;Tran;Michael;Product Manager;tran.michael@gmail.com;0757222478
28;Frank;Taylor;Project Manager;frank.taylor@gmail.com;0101201762
29;Swanson;Kenneth;Graphic Designer;swanson.kenneth@gmail.com;0963298777
30;King;Elizabeth;Consultant;king.elizabeth@gmail.com;0595359461
31;Evans;Jordan;Business Analyst;evans.jordan@gmail.com;0260111967
32;Guerrero;Eric;Customer Service Representative;guerrero.eric@gmail.com;0903717669
33;Graham;Mr.;Software Developer;graham.mr.@gmail.com;0549495587
34;Hensley;Brittany;Project Manager;hensley.brittany@gmail.com;0586988137
35;Compton;Victoria;Marketing Manager;compton.victoria@gmail.com;0280638141
36;Lucero;Lindsey;Project Manager;lucero.lindsey@gmail.com;0904757581
37;Hamilton;Jessica;Graphic Designer;hamilton.jessica@gmail.com;0803739714
38;Thompson;Travis;Sales Representative;thompson.travis@gmail.com;0459885001
39;Potter;Paul;Sales Representative;potter.paul@gmail.com;0729742264
40;Holloway;Carla;Customer Service Representative;holloway.carla@gmail.com;0766841012
41;Henderson;Dalton;Graphic Designer;henderson.dalton@gmail.com;0179102709
42;Garza;Lisa;Sales Representative;garza.lisa@gmail.com;0780269759
43;Parker;Christopher;Project Manager;parker.christopher@gmail.com;0872277985
44;Martin;Lisa;Consultant;martin.lisa@gmail.com;0988169602
45;West;Natasha;Product Manager;west.natasha@gmail.com;0575530761
46;Reynolds;Melissa;Software Developer;reynolds.melissa@gmail.com;0410793885
47;Leonard;Michele;Marketing Manager;leonard.michele@gmail.com;0517823213
48;Murphy;Katie;Account Manager;murphy.katie@gmail.com;0986910669
49;Brewer;Jennifer;Marketing Manager;brewer.jennifer@gmail.com;0465021871
50;Phillips;Elizabeth;Sales Representative;phillips.elizabeth@gmail.com;0815059167
51;Edwards;Denise;Account Manager;edwards.denise@gmail.com;0030621140
52;Marshall;Christopher;Sales Representative;marshall.christopher@gmail.com;0397996005
53;Peterson;Richard;Administrative Assistant;peterson.richard@gmail.com;0030978412
54;Henderson;Betty;Marketing Manager;henderson.betty@gmail.com;0467689967
55;Jordan;Emily;Product Manager;jordan.emily@gmail.com;0190404000
56;Sweeney;Jacob;Administrative Assistant;sweeney.jacob@gmail.com;0202695194
57;Brown;Mark;Marketing Manager;brown.mark@gmail.com;0176852275
58;Rocha;Christopher;Customer Service Representative;rocha.christopher@gmail.com;0726856479
59;Dillon;Ricky;Data Analyst;dillon.ricky@gmail.com;0445242456
60;Kemp;Michael;Customer Service Representative;kemp.michael@gmail.com;0230082173
61;Smith;Stephen;Account Manager;smith.stephen@gmail.com;0362016269
62;Pierce;Brian;Administrative Assistant;pierce.brian@gmail.com;0773494639
63;Lee;Christy;Sales Representative;lee.christy@gmail.com;0893872297
64;Rogers;Hector;Administrative Assistant;rogers.hector@gmail.com;0539386013
65;Watson;Lance;Graphic Designer;watson.lance@gmail.com;0423194625
66;Sexton;Christina;Graphic Designer;sexton.christina@gmail.com;0754286118
67;Wilson;Kathy;Software Developer;wilson.kathy@gmail.com;0477562495
68;Bender;Richard;Graphic Designer;bender.richard@gmail.com;0572517618
69;Clark;Gregory;Customer Service Representative;clark.gregory@gmail.com;0979409438
70;Kemp;Elizabeth;Product Manager;kemp.elizabeth@gmail.com;0320190145
71;Mclean;Amanda;Software Developer;mclean.amanda@gmail.com;0170942535
72;Gordon;Gabriella;Product Manager;gordon.gabriella@gmail.com;0823290935
73;Woods;Allen;Administrative Assistant;woods.allen@gmail.com;0209565636
74;Brooks;Nicholas;Account Manager;brooks.nicholas@gmail.com;0589333802
75;Hobbs;Derek;Sales Representative;hobbs.derek@gmail.com;0071512375
76;Nunez;Christopher;Account Manager;nunez.christopher@gmail.com;0408619927
77;Horton;Tammy;Project Manager;horton.tammy@gmail.com;0366381207
78;Pierce;Carly;Customer Service Representative;pierce.carly@gmail.com;0045884398
79;Adams;William;Graphic Designer;adams.william@gmail.com;0523917133
80;Webster;Tommy;Software Developer;webster.tommy@gmail.com;0741831303
81;Torres;Ricky;Administrative Assistant;torres.ricky@gmail.com;0452870333
82;Carey;Dylan;Administrative Assistant;carey.dylan@gmail.com;0498237474
83;Thomas;Gregory;Customer Service Representative;thomas.gregory@gmail.com;0532530321
84;Adams;Kenneth;Graphic Designer;adams.kenneth@gmail.com;0410130047
85;Wilson;Heidi;Marketing Manager;wilson.heidi@gmail.com;0094762629
86;Lee;Debra;Account Manager;lee.debra@gmail.com;0343303097
87;Daniel;Scott;Account Manager;daniel.scott@gmail.com;0529517585
88;Collins;Diana;Sales Representative;collins.diana@gmail.com;0095875641
89;Navarro;Samantha;Business Analyst;navarro.samantha@gmail.com;0275496548
90;Rosario;Jordan;Graphic Designer;rosario.jordan@gmail.com;0658452447
91;Jones;Laura;Project Manager;jones.laura@gmail.com;0006674152
92;Newton;Michael;Product Manager;newton.michael@gmail.com;0600787334
93;Robert;Haley;Product Manager;robert.haley@gmail.com;0966701888
94;Carter;Adrian;Marketing Manager;carter.adrian@gmail.com;0357562646
95;Nguyen;Heidi;Software Developer;nguyen.heidi@gmail.com;0025371046
96;Swanson;Theresa;Marketing Manager;swanson.theresa@gmail.com;0289326068
97;Edwards;Kirsten;Product Manager;edwards.kirsten@gmail.com;0679364378
98;Dodson;Elizabeth;Administrative Assistant;dodson.elizabeth@gmail.com;0344927525
99;Rangel;Ashlee;Software Developer;rangel.ashlee@gmail.com;0881331404
100;Robertson;Sarah;Project Manager;robertson.sarah@gmail.com;0920442487