FournisseurID;NomFournisseur;Adresse;Email;NumeroTelephone
1;Nelson, Smith and Jackson;74883 Kimberly Shore, Stewartmouth, VA 11290;nelson_smithandjackson@gmail.com;0399791118
2;Jones, Hodge and Burgess;32014 Andrew Tunnel Suite 839, Campbellport, HI 81373;jones_hodgeandburgess@gmail.com;0822754147
3;Howard Inc;07877 Mark Bypass, Jacksonfurt, KY 08075;howardinc@gmail.com;0084294493
4;Jenkins-Gray;909 Jennifer Plains Suite 938, West Shannon, KY 17533;jenkins-gray@gmail.com;0625219368
5;Cohen LLC;3655 Brandi Trafficway, Randallland, AZ 45721;cohenllc@gmail.com;0287136774
6;Lee-Strickland;4911 Gordon Park Suite 367, Browntown, IL 45757;lee-strickland@gmail.com;0666526806
7;Taylor, Lynch and Castro;74314 Smith Knolls Suite 050, Hallburgh, NY 38607;taylor_lynchandcastro@gmail.com;0249260142
8;Brown-Walker;4751 Shawn Burg, Marshallshire, UT 63468;brown-walker@gmail.com;0773774596
9;Riddle-Johnson;440 Parsons Bypass Apt. 246, Michaeltown, MD 63062;riddle-johnson@gmail.com;0574282210
10;Reyes, Flores and Le;7350 Hudson Ramp, New Ashley, ID 67179;reyes_floresandle@gmail.com;0079896970
11;Brown PLC;USNS Newman, FPO AA 84628;brownplc@gmail.com;0801389500
12;Jackson-Cole;8686 Butler Forge Suite 945, Davidbury, WA 72733;jackson-cole@gmail.com;0281798101
13;Schultz-Malone;4848 Thomas Shoal Apt. 773, New Dominiqueborough, OK 16927;schultz-malone@gmail.com;0579383254
14;Hanna and Sons;910 Johnson Shoal, New Elizabethborough, MS 71420;hannaandsons@gmail.com;0734840122
15;Russell, Torres and Smith;7590 Rhonda Crossroad Suite 418, East Brian, UT 52711;russell_torresandsmith@gmail.com;0465178487
16;Smith LLC;8405 Cruz Oval Apt. 209, West Shannon, AZ 97859;smithllc@gmail.com;0241721183
17;Hutchinson Ltd;2533 Haynes Island Apt. 139, Lake Ashleymouth, RI 10103;hutchinsonltd@gmail.com;0743167246
18;Hawkins Group;722 Garcia Turnpike Apt. 245, New Robertburgh, VT 37985;hawkinsgroup@gmail.com;0153085054
19;Vasquez-Jennings;3327 Jessica Neck Suite 122, East Carl, NH 42378;vasquez-jennings@gmail.com;0755117682
20;Morgan LLC;062 Green Loaf, South Christina, AL 35545;morganllc@gmail.com;0680299451
21;Rodriguez, Rivera and Thompson;698 Roberts Fall Suite 232, Larsonmouth, PA 71554;rodriguez_riveraandthompson@gmail.com;0861007972
22;Nguyen, Macias and Contreras;2958 Brenda Fords Suite 130, Port Frankview, VT 91005;nguyen_maciasandcontreras@gmail.com;0041528653
23;Mcintyre PLC;4328 David Unions Apt. 541, Port Cynthia, DE 22576;mcintyreplc@gmail.com;0255317149
24;Powers Group;345 Jodi Dam Suite 012, Lake Davidland, MD 40571;powersgroup@gmail.com;0660000758
25;Thomas Group;Unit 2742 Box 7054, DPO AA 81460;thomasgroup@gmail.com;0772398074
26;Thomas, Valdez and Escobar;53572 Davis Dale Suite 851, Port Courtney, NY 60113;thomas_valdezandescobar@gmail.com;0685950168
27;Stanton Group;3667 Gardner Trace Apt. 818, Sheltonfurt, AL 22016;stantongroup@gmail.com;0984706018
28;Woodard-Santiago;368 Trevor Tunnel, Ryanfort, NE 46409;woodard-santiago@gmail.com;0437236295
29;Holloway and Sons;92014 Gina Stream, Velezville, LA 42524;hollowayandsons@gmail.com;0857989659
30;Franco Group;409 Martin Trail, Kennethport, ND 86032;francogroup@gmail.com;0004651491
31;Russo-Hampton;257 Samantha Cape, Lake Andrewmouth, SC 53348;russo-hampton@gmail.com;0427251088
32;Woods Group;42682 Jeremy Glen, West Christopherhaven, OH 27414;woodsgroup@gmail.com;0185670895
33;Spencer Ltd;6178 Max Crossing Apt. 676, Ellisport, MN 19024;spencerltd@gmail.com;0927799157
34;Salazar, Palmer and Gomez;3540 Vickie Union Suite 575, Vegachester, VA 81927;salazar_palmerandgomez@gmail.com;0012963334
35;Miller-Daniel;75997 Smith Causeway Apt. 855, Youngland, AR 65576;miller-daniel@gmail.com;0176673409
36;Washington PLC;457 Daniel Alley Apt. 164, Krauseside, WA 28993;washingtonplc@gmail.com;0822113812
37;Edwards PLC;43036 Bennett Glen Suite 463, Michelleburgh, MD 42295;edwardsplc@gmail.com;0662381609
38;Parks PLC;Unit 6233 Box 0593, DPO AE 65769;parksplc@gmail.com;0392486506
39;Lewis-Conley;92988 Murphy Overpass, North Dustinborough, WV 40290;lewis-conley@gmail.com;0543401053
40;Shelton, Robinson and Lara;288 Christine Plains Suite 040, Port Sergio, DE 77213;shelton_robinsonandlara@gmail.com;0921231097
41;Powell and Sons;01750 Sharon Islands, West Danielshire, DE 65469;powellandsons@gmail.com;0630589476
42;Simmons-Nolan;51308 Dawn Village, Hannabury, ID 89640;simmons-nolan@gmail.com;0486331608
43;Fletcher Ltd;13183 Garcia Ways, Lake Kevin, PA 58584;fletcherltd@gmail.com;0404003639
44;Daniels-Castillo;244 Regina Bridge Apt. 897, South Thomasburgh, WI 49565;daniels-castillo@gmail.com;0667012991
45;Moore-Roach;76917 Walker Villages, West Andrewland, CO 73670;moore-roach@gmail.com;0482881093
46;Kidd Group;365 Patel Track, Port Andrew, MS 77755;kiddgroup@gmail.com;0263574458
47;Barnett-Davidson;44464 Sarah Land, New Charles, RI 63250;barnett-davidson@gmail.com;0980767153
48;Brown, Douglas and Torres;22244 Smith Meadows Suite 694, Robertsonfort, ND 94525;brown_douglasandtorres@gmail.com;0037976776
49;Diaz PLC;93629 Stephen Estates, South Vanessahaven, NV 92609;diazplc@gmail.com;0039369741
50;Acosta, Ferrell and Mcdonald;Unit 7388 Box 6673, DPO AE 73646;acosta_ferrellandmcdonald@gmail.com;0292101728
51;Quinn PLC;3786 Katherine Ranch Apt. 388, Shawnton, CA 38080;quinnplc@gmail.com;0570378366
52;Cobb-Blake;4250 Armstrong Row Suite 728, Antonioville, DC 36904;cobb-blake@gmail.com;0603501553
53;Davenport and Sons;0443 Jeffery Road, Erichaven, NY 31596;davenportandsons@gmail.com;0684453615
54;Hernandez Group;979 Hall Mission, Pierceview, NM 35393;hernandezgroup@gmail.com;0415864378
55;Huerta and Sons;12939 Todd Pine, Baldwinside, VA 28204;huertaandsons@gmail.com;0846260930
56;Powers-Martin;8247 Elizabeth Route, Leeburgh, KY 41659;powers-martin@gmail.com;0623319962
57;Henry-Wright;6640 Russell Vista, East Rebecca, DC 49631;henry-wright@gmail.com;0319257214
58;Nguyen-Martin;6116 Heather Spurs, South Sierra, TN 05844;nguyen-martin@gmail.com;0881374898
59;Leonard, Pratt and Howell;995 Kelly Roads Suite 408, Zhangfurt, MI 14523;leonard_prattandhowell@gmail.com;0189123620
60;Harvey Group;1212 Chris Mall, North Elizabeth, VA 48360;harveygroup@gmail.com;0166796158
61;Coleman-Vega;36031 Daniel Grove, Port George, SD 44462;coleman-vega@gmail.com;0456896471
62;Schmitt, White and Meyer;USNS Hamilton, FPO AE 61572;schmitt_whiteandmeyer@gmail.com;0885777203
63;Thornton Ltd;63715 Justin Junctions Apt. 224, Aguilarton, TN 80298;thorntonltd@gmail.com;0160145273
64;Smith, Trujillo and Brandt;5404 Martinez Parks Suite 048, South Brittneyshire, LA 95383;smith_trujilloandbrandt@gmail.com;0309731654
65;Bailey, Gonzalez and Lewis;72143 Jocelyn Views Apt. 295, Lynchport, CO 61932;bailey_gonzalezandlewis@gmail.com;0574143428
66;Scott-Potter;6778 Tammy Crescent, Burtonchester, NY 16556;scott-potter@gmail.com;0115143607
67;Moran-Sanders;011 Thomas Island Apt. 974, Lake Sarah, ME 59031;moran-sanders@gmail.com;0664466109
68;Dawson, Mcgee and Davidson;4351 Garcia Burgs, North Randyville, HI 29782;dawson_mcgeeanddavidson@gmail.com;0845160768
69;Brooks and Sons;5026 Lisa Trafficway Apt. 068, Lake Haydenmouth, UT 23698;brooksandsons@gmail.com;0525832010
70;Murphy Inc;02560 Dixon Mission Apt. 215, Perezfort, OR 93603;murphyinc@gmail.com;0672814246
71;Garrett, Castillo and Harmon;92381 Tina Viaduct Suite 965, Ferrellburgh, IL 50111;garrett_castilloandharmon@gmail.com;0459617834
72;Thomas LLC;4964 Kellie Lakes, Lake Jonstad, RI 15681;thomasllc@gmail.com;0865373414
73;Jones Inc;87786 Steve Corner Suite 492, Mcdowellbury, TN 39129;jonesinc@gmail.com;0162027853
74;Kelly, Wallace and Doyle;394 Julia Roads, North Lisa, NM 67797;kelly_wallaceanddoyle@gmail.com;0476076535
75;Shah-Holland;434 Kendra Run, Martinezborough, GA 29587;shah-holland@gmail.com;0411291295
76;Graham-Gilbert;37935 Jennifer Village, East Coreyberg, KY 92689;graham-gilbert@gmail.com;0581915697
77;Kelley-Cooper;Unit 2324 Box 5373, DPO AP 60378;kelley-cooper@gmail.com;0062761495
78;Jacobs PLC;85452 Melissa Oval Suite 632, Woodstown, RI 43337;jacobsplc@gmail.com;0497647731
79;Cobb Ltd;28789 Cooper Squares Suite 791, Kathleenville, NC 62297;cobbltd@gmail.com;0178599378
80;Tucker-Miller;253 John Park Suite 221, North Elizabethburgh, DC 35776;tucker-miller@gmail.com;0515207817
81;Bentley Inc;4416 Thomas Ways, New Latoya, MT 35926;bentleyinc@gmail.com;0207178265
82;Miller, Smith and Beck;27945 Laura Locks Suite 104, Ronaldville, OH 90290;miller_smithandbeck@gmail.com;0735872273
83;Larson-Jackson;611 Simmons Village, Annview, MI 05026;larson-jackson@gmail.com;0316774671
84;Velasquez-Irwin;974 Heather Square Apt. 321, Wrightside, SD 61322;velasquez-irwin@gmail.com;0733566422
85;Smith, Ayers and Williams;3692 Daniel Motorway, Lake Heatherstad, VA 69277;smith_ayersandwilliams@gmail.com;0519158813
86;Bridges Ltd;PSC 3593, Box 8354, APO AE 61492;bridgesltd@gmail.com;0136761513
87;Williams-Roberts;PSC 1534, Box 8460, APO AE 76799;williams-roberts@gmail.com;0207756377
88;Davis, Ramirez and Jenkins;445 Buck Route Apt. 379, South Maria, SD 26544;davis_ramirezandjenkins@gmail.com;0038260561
89;Underwood, Smith and Hoover;5537 Peter Mountain, Hardinmouth, ME 35587;underwood_smithandhoover@gmail.com;0074776409
90;Montgomery, Reed and Marsh;Unit 1421 Box 3430, DPO AE 54955;montgomery_reedandmarsh@gmail.com;0779970866
91;Gaines and Sons;12633 Weber Passage, Byrdshire, VA 46479;gainesandsons@gmail.com;0062183690
92;Gonzalez-Kirby;567 Ricardo Rapids, Lake Cory, MT 36895;gonzalez-kirby@gmail.com;0276321403
93;Vargas, Baird and Garner;932 Garcia Neck Suite 646, West Ryanland, DE 73460;vargas_bairdandgarner@gmail.com;0502719877
94;Bowman-Kramer;85496 Thompson Branch, Kristenbury, CT 60496;bowman-kramer@gmail.com;0989009550
95;Nelson, Sullivan and Dixon;6833 Rhonda Springs Apt. 963, South Jenniferfurt, MI 63145;nelson_sullivananddixon@gmail.com;0836664508
96;Chen, Jackson and Preston;046 Jennifer River Suite 989, Kyleland, MS 01543;chen_jacksonandpreston@gmail.com;0951596783
97;Avila-Thomas;USS Harris, FPO AP 47894;avila-thomas@gmail.com;0080436817
98;Perez-Brown;545 Serrano Inlet, North Grant, NV 21417;perez-brown@gmail.com;0468068075
99;Johnson-Ramirez;1434 Luis Canyon, West Mark, AR 78114;johnson-ramirez@gmail.com;0428628335
100;Lopez Ltd;736 Cardenas Groves, Port Julietown, CO 49964;lopezltd@gmail.com;0785427678